session_time,lap,pos_x,pos_y,pos_z,speed,throttle,brake
0.0,1,513.0,0.0,20.0,223.64161653290716,0.0,0.0
0.15030060120240482,1,512.2288476401394,0.0,26.43112157812854,231.20742802336108,0.9782905745226955,0.0
0.30060120240480964,1,511.3005852832588,0.0,32.87948688091305,238.45684471690643,0.9624708346772678,0.0
0.45090180360721444,1,510.21547450782174,0.0,39.34264834457248,245.31636880011422,0.9429762041603893,0.0
0.6012024048096193,1,508.9738778836547,0.0,45.81812532893386,251.716455364395,0.9200043282140384,0.0
0.7515030060120241,1,507.57625869339,0.0,52.30340549846099,257.59221748323927,0.8937881059422139,0.0
0.9018036072144289,1,506.0231805499086,0.0,58.79594625281894,262.884084064762,0.8645933290761376,0.0
1.0521042084168337,1,504.3153069102384,0.0,65.2931762059645,267.53840380994956,0.8327159872593768,0.0
1.2024048096192386,1,502.4534004864954,0.0,71.7924967126806,271.5079891534113,0.7984792671730871,0.0
1.3527054108216434,1,500.43832255457795,0.0,78.2912834414023,274.75259467192245,0.7622302759255575,0.0
1.5030060120240483,1,498.2710321614574,0.0,84.78688799211146,277.23932511043967,0.7243365219258606,0.0
1.6533066132264531,1,495.95258523202796,0.0,91.27663955800917,278.9429688888393,0.6851821889199812,0.0
1.8036072144288577,1,493.484133576608,0.0,97.75784662960733,279.8462537081396,0.6451642409650162,0.0
1.9539078156312626,1,490.8669238003049,0.0,104.22779873981406,279.94002166475633,0.6046883978308358,0.0
2.1042084168336674,1,488.1022961155794,0.0,110.68376824852442,279.2233220974055,0.27611001442163946,0.0
2.2545090180360723,1,485.1916830594623,0.0,117.12301216516296,277.70342122533117,0.24933663759752184,0.0
2.404809619238477,1,482.13660811699685,0.0,123.54277400756509,275.3957284801397,0.22307690849361847,0.0
2.555110220440882,1,478.93868425259274,0.0,129.9402856955225,272.32364027812343,0.19759705993279036,0.0
2.705410821643287,1,475.5996123510959,0.0,136.31276947726195,268.518302816977,0.17315541796178496,0.0
2.8557114228456917,1,472.1211795704806,0.0,142.65743988706924,264.01829630178133,0.14999978282681165,0.0
3.0060120240480965,1,468.50525760818954,0.0,148.97150573221646,258.8692438017108,0.12836491666431582,0.1287263125017631
3.1563126252505014,1,464.75380088324476,0.0,155.25217210729974,253.12334870304934,0.1084701633779512,0.1436473774665366
3.3066132264529062,1,460.86884463635784,0.0,161.4966424340431,246.83886544802257,0.09051722483244096,0.1571120813756693
3.456913827655311,1,456.8525029503688,0.0,167.70212052457796,240.07950892533142,0.074688115910295,0.16898391306727872
3.6072144288577155,1,452.70696669343977,0.0,173.86581266616187,232.9138085002484,0.06114331916389895,0.17914251062707578
3.7575150300601203,1,448.43450138751996,0.0,179.98492972525767,225.41441323340757,0.050020157771972606,0.18748488167102054
3.907815631262525,1,444.03744500469253,0.0,186.05668926885315,217.65735533228894,0.04143140329604572,0.1939264475279657
4.05811623246493,1,439.5182056940979,0.0,192.07831770086386,209.72127930285419,0.035464132352174715,0.19840190073586897
4.208416833667335,1,434.8792594422132,0.0,198.04705241142636,201.68664461653765,0.0321788437894488,0.2008658671579134
4.35871743486974,1,430.1231476693444,0.0,203.96014393685647,193.63490997630927,0.031608845325720836,0.20129336600570938
4.509018036072145,1,425.25247476526573,0.0,209.8148581280172,185.6477074520836,0.03375991585914445,0.19968006310564163
4.659318637274549,1,420.26990556701094,0.0,215.60847832481295,177.8060148584575,0.038610246879129784,0.19604231484065265
4.809619238476954,1,415.17816278188985,0.0,221.33830753450343,170.18933476557945,0.04611066357073146,0.1904170023219514
4.959919839679359,1,409.9800243588655,0.0,227.00167061150833,162.87488846670368,0.056185123370807805,0.18286115747189413
5.110220440881764,1,404.6783208114884,0.0,232.59591643635463,155.93683307434515,0.06873148692138215,0.17345138480896338
5.260521042084169,1,399.2759324956392,0.0,238.11842009140346,149.44550968246276,0.08362255360392035,0.16228308479705972
5.410821643286574,1,393.7757868453805,0.0,243.5665850309807,143.46673021713724,0.10070735115581611,0.14946948663313792
5.5611222444889785,1,388.18085557026603,0.0,248.93784524352304,138.06111020596907,0.11981266629439441,0.13514050027920418
5.711422845691383,1,382.4941518174993,0.0,254.22966740334886,133.28345423087765,0.14074480083028598,0.0
5.861723446893788,1,376.7187273023658,0.0,259.4395530096544,129.18220029485406,0.16329153546588013,0.0
6.012024048096193,1,370.85766941040316,0.0,264.56504051033914,125.79892873592505,0.18722428136903296,0.0
6.162324649298598,1,364.91409827479674,0.0,269.6037074082627,123.16794066717732,0.21230039770840914,0.0
6.312625250501003,1,358.891163832512,0.0,274.5531723475444,121.31591021680424,0.2382656516542307,0.0
6.462925851703408,1,352.79204286269896,0.0,279.41109717752147,120.26161409392056,0.2648567959038772,0.0
6.6132264529058125,1,346.6199360109124,0.0,284.17518899199655,120.01574122192717,0.2918042376002205,0.0
6.763527054108217,1,340.378064802705,0.0,288.84320214141684,120.5807843694477,0.6282521573760264,0.0
6.913827655310622,1,334.0696686501563,0.0,293.4129402156466,121.95101487753047,0.6685115254041385,0.0
7.064128256513027,1,327.69800185489544,0.0,297.88225799501345,124.11254073934307,0.7080762930906302,0.0
7.214428857715431,1,321.2663306111815,0.0,302.249063367335,127.04344744352144,0.7465453352089184,0.0
7.364729458917836,1,314.77793001258215,0.0,306.51131920865686,130.7140201532411,0.7835286354859832,0.0
7.515030060120241,1,308.236081065794,0.0,310.66704522546195,135.08704496845996,0.8186512407609428,0.0
7.6653306613226455,1,301.644067715115,0.0,314.7143197561471,140.11818621700252,0.8515570624271276,0.0
7.81563126252505,1,295.005173881067,0.0,318.65128152959426,145.75643594933956,0.8819124866168522,0.0
7.965931863727455,1,288.3226805166332,0.0,322.4761313787036,151.94463107988622,0.9094097565273329,0.0
8.11623246492986,1,281.5998626845469,0.0,326.18713390679915,158.62003293180913,0.9337700925961456,0.0
8.266533066132265,1,274.8399866590287,0.0,329.7826191048562,165.7149633096593,0.9547465188925088,0.0
8.41683366733467,1,268.04630705533066,0.0,333.2609839175531,173.15749065104401,0.9721263670692352,0.0
8.567134268537075,1,261.22206399040044,0.0,336.6206937561926,180.87215930082561,0.9857334324890801,0.0
8.71743486973948,1,254.37048027792872,0.0,339.86028395659645,188.78075451414153,0.995429760665796,0.0
8.867735470941884,1,247.49475866098794,0.0,342.97836118012594,196.80309543230402,1.0,0.0
9.01803607214429,1,240.5980790854172,0.0,345.97360475604233,204.85784799203705,1.0,0.0
9.168336673346694,1,233.68359601704134,0.0,348.8447679634784,212.86334952641482,1.0,0.0
9.318637274549099,1,226.75443580574887,0.0,351.5906792513544,220.73843669732986,0.9937543585457518,0.0
9.468937875751504,1,219.81369409938475,0.0,354.2102433946392,228.40326836554402,0.9832415834107081,0.0
9.619238476953909,1,212.86443331033803,0.0,356.70244258541686,235.7801350556982,0.9688433345077087,0.0
9.769539078156313,1,205.90968013762946,0.0,359.0663374572966,242.79424680956495,0.9507055876933379,0.0
9.919839679358718,1,198.95242314722321,0.0,361.30106804176677,249.3744914399369,0.9290122315185968,0.0
10.070140280561123,1,191.9956104132014,0.0,363.4058546551715,255.45415549763527,0.9039832028849191,0.0
10.220440881763528,1,185.04214722235506,0.0,365.37999871506076,260.97160064215456,0.8758722572259643,0.0
10.370741482965933,1,178.09489384465263,0.0,367.22288348474177,265.87088855859577,0.8449643958220605,0.0
10.521042084168338,1,171.15666337195452,0.0,368.9339747449369,270.1023480852036,0.8115729763303903,0.0
10.671342685370742,1,164.2302196272461,0.0,370.5128213915358,273.62307880171437,0.7760365358255399,0.0
10.821643286573147,1,157.31827514656078,0.0,371.9590559585054,276.39738597291364,0.7387153585599634,0.0
10.971943887775552,1,150.42348923566453,0.0,373.2723950651101,278.3971424377505,0.6999878232418438,0.0
11.122244488977957,1,143.54846610346732,0.0,374.4526397866751,279.60207377501735,0.6602465668633414,0.0
11.272545090180362,1,136.6957530740214,0.0,375.4996759482096,279.9999638544562,0.6198945039719433,0.0
11.422845691382767,1,129.86783887885622,0.0,376.4134743402971,279.5867786893259,0.2862271611623233,0.0
11.573146292585172,1,123.0671520312892,0.0,377.19409085674425,278.3667073347548,0.2593309548476289,0.0
11.723446893787576,1,116.29605928423919,0.0,377.8416665535673,276.3521194172356,0.23284706941602734,0.0
11.873747494989981,1,109.55686417295306,0.0,378.35642762898726,273.5634397258453,0.20704401028698952,0.0
12.024048096192386,1,102.85180564394156,0.0,378.7386853241916,270.0289411366423,0.18218338035990012,0.0
12.174348697394791,1,96.18305677130151,0.0,378.9888357447097,265.784457969663,0.1585172277673564,0.0
12.324649298597196,1,89.55272356148208,0.0,379.1073596023451,260.87302268463435,0.13628549049904562,0.0
12.4749498997996,1,82.96284384743558,0.0,379.09482187769055,255.34442959874195,0.11571356380358677,0.1382148271473099
12.625250501002006,1,76.41538627296723,0.0,378.9518714033499,249.2547300496764,0.09701001503114809,0.15224248872663892
12.77555110220441,1,69.91224936798258,0.0,378.6792403680778,242.6656641222222,0.08036446908486045,0.16472664818635466
12.925851703406815,1,63.45526071520343,0.0,378.2777437421403,235.64403469979436,0.06594568591907166,0.17554073556069624
13.07615230460922,1,57.046176208804425,0.0,377.74827862429186,228.26103018707067,0.053899849575877096,0.1845751128180922
13.226452905811625,1,50.68667940529723,0.0,377.09182351085167,220.5915027702561,0.044349086106181324,0.191738185420364
13.37675350701403,1,44.37838096686627,0.0,376.3094374874562,212.71320953229906,0.037390225401431554,0.1969573309489263
13.527054108216435,1,38.12281819723945,0.0,375.4022593441509,204.7060241169728,0.0330938194891246,0.20017963538315656
13.67735470941884,1,31.921454670049712,0.0,374.37150661457696,196.65112693431902,0.03150342724487415,0.20137242956634438
13.827655310621244,1,25.775679949527145,0.0,373.21847454009367,188.63018211751546,0.03263517277321454,0.2005236204200891
13.97795591182365,1,19.686809403233468,0.0,371.94453495976666,180.72450957554082,0.036477581934178716,0.19764181354936597
14.128256513026054,1,13.656084106435536,0.0,370.55113512723955,173.01426053573988,0.04299169867330194,0.19275622599502357
14.278557114228459,1,7.684670837589813,0.0,369.0397964555883,165.57760493500206,0.05211147997540591,0.18591639001844557
14.428857715430862,1,1.7736621642930999,0.0,367.4121131913477,158.48993889814435,0.06374446543807624,0.1771916509214428
14.579158316633267,1,-4.0759233810611235,0.0,365.6697510189757,151.82312033843715,0.0777727146764268,0.16667046399267987
14.729458917835672,1,-9.863141036802887,0.0,363.81444559710934,145.64474043009187,0.0940540030551574,0.15445949770863193
14.879759519038076,1,-15.587119459672351,0.0,361.84800102804127,140.01743833885035,0.11242326362528274,0.14068255228103793
15.030060120240481,1,-21.247060285782382,0.0,359.7722882619266,134.99826615823866,0.13269426064627698,0.12547930451529227
15.180360721442886,1,-26.84223760607147,0.0,357.58924343730723,130.63811049004744,0.15466147772695912,0.0
15.330661322645291,1,-32.37199735757572,0.0,355.30086615961284,126.98117653331127,0.17810220144212774,0.0
15.480961923847696,1,-37.835756631952144,0.0,352.9092177193742,124.06453991232317,0.20277877930039664,0.0
15.6312625250501,1,-43.23300290278958,0.0,350.41641925195415,121.9177707874522,0.22844102917096762,0.0
15.781563126252506,1,-48.56329317334959,0.0,347.82464984066837,120.56263405969443,0.2548287757414078,0.0
15.93186372745491,1,-53.82625304647311,0.0,345.13614456523953,120.01286870841858,0.28167448829080494,0.0
16.082164328657317,1,-59.0215757184916,0.0,342.35319249758794,120.27404849947726,0.613058989552934,0.0
16.23246492985972,1,-64.14902089906911,0.0,339.4781346470272,121.3435254758877,0.6534738488205221,0.0
16.382765531062127,1,-69.20841365899814,0.0,336.5133618569927,123.21045680399833,0.6933465664055312,0.0
16.53306613226453,1,-74.19964320805573,0.0,333.46131265548445,125.85591470296299,0.7322728949482332,0.0
16.683366733466936,1,-79.12266160511183,0.0,330.3244710614674,129.25307834300844,0.7698581820022724,0.0
16.83366733466934,1,-83.97748240276553,0.0,327.1053643495161,133.36750576694587,0.8057213711968714,0.0
16.983967935871746,1,-88.76417922885744,0.0,323.80656077504574,138.15748307806382,0.8394988655558975,0.0
17.13426853707415,1,-93.4828843072866,0.0,320.4306672625154,143.5744473541821,0.8708482138059139,0.0
17.284569138276556,1,-98.13378692062525,0.0,316.9803270590333,149.56347900017346,0.899451582299568,0.0
17.43486973947896,1,-102.71713181709575,0.0,313.45821735583456,156.063858547266,0.9250189773546267,0.0
17.585170340681366,1,-107.23321756453527,0.0,309.8670468801385,163.00968225404642,0.9472911853390216,0.0
17.73547094188377,1,-111.68239485403114,0.0,306.2095534599311,170.33053026792612,0.9660424006939848,0.0
17.885771543086175,1,-116.06506475596977,0.0,302.48850156424237,177.95218057295398,0.9810825152513928,0.0
18.03607214428858,1,-120.38167693128665,0.0,298.70667982152577,185.79736148565226,0.9922590456349141,0.0
18.186372745490985,1,-124.63272780075853,0.0,294.86689851876423,193.78653506974123,0.9994586792044486,0.0
18.336673346693388,1,-128.81875867521552,0.0,290.9719870839556,201.8387035271417,1.0,0.0
18.486973947895795,1,-132.94035384959508,0.0,287.0247915546437,209.87223038970725,1.0,0.0
18.637274549098198,1,-136.99813866378977,0.0,283.0281720351826,217.8056681860786,0.9966718898185676,0.0
18.787575150300604,1,-140.9927775332732,0.0,278.9850001454298,225.55858419240232,0.9876458003161858,0.0
18.937875751503007,1,-144.92497195251434,0.0,274.89815646357454,233.05237589509014,0.9746895851343907,0.0
19.088176352705414,1,-148.79545847420962,0.0,270.7705279658146,240.21106789808948,0.9579346001499672,0.0
19.238476953907817,1,-152.60500666738304,0.0,266.6050054655956,246.96208219526943,0.9375507148589974,0.0
19.38877755511022,1,-156.35441705741283,0.0,262.40448105512786,253.23697399855294,0.9137445901641754,0.0
19.539078156312627,1,-160.04451905105546,0.0,258.1718455518913,258.9721256616463,0.8867575831546688,0.0
19.68937875751503,1,-163.676168849539,0.0,253.90998595282989,264.1093916640562,0.8568633001204944,0.0
19.839679358717436,1,-167.2502473527985,0.0,249.62178289893177,268.5966881162584,0.8243648226101101,0.0
19.98997995991984,1,-170.76765805792164,0.0,245.31010815286996,272.38852080935504,0.7895916346548318,0.0
20.140280561122246,1,-174.22932495486182,0.0,240.97782209236965,275.44644645561516,0.7528962823130059,0.0
20.29058116232465,1,-177.63619042246546,0.0,236.62777122193984,277.7394624436385,0.714650799401167,0.0
20.440881763527056,1,-180.98921312783915,0.0,232.26278570559228,279.24432115663035,0.6752429356495924,0.0
20.59118236472946,1,-184.2893659320626,0.0,227.88567692313512,279.9457656670886,0.635072225522913,0.0
20.741482965931866,1,-187.5376338052261,0.0,223.49923505260742,279.83668441832697,0.296363958374612,0.0
20.89178356713427,1,-190.73501175374048,0.0,219.1062266813809,278.9181833246014,0.26938329687581397,0.0
21.042084168336675,1,-193.882502762834,0.0,214.70939244842538,277.19957455885975,0.24271304114194547,0.0
21.19238476953908,1,-196.98111575711079,0.0,210.3114447201907,274.698282141787,0.2166235860975746,0.0
21.342685370741485,1,-200.03186358200412,0.0,205.9150653025197,271.4396652893273,0.19137943825134396,0.0
21.492985971943888,1,-203.03576100890942,0.0,201.52290319096068,267.45676130966467,0.1672365340112454,0.0
21.643286573146295,1,-205.99382276673407,0.0,197.13757236180007,262.7899506562863,0.14443964488738742,0.0
21.793587174348698,1,-208.90706160254453,0.0,192.76164960608656,257.4865475329702,0.1232198958894628,0.1325850780829029
21.943887775551104,1,-211.77648637393486,0.0,188.3976724088663,251.60032020132613,0.10379242227853164,0.14715568329110126
22.094188376753507,1,-214.6031001756791,0.0,184.0481368757882,245.1909458542248,0.08635418842995551,0.16023435867753336
22.244488977955914,1,-217.38789850316454,0.0,179.71549570918822,238.3234055818525,0.07108199092092396,0.17168850680930703
22.394789579158317,1,-220.131867455036,0.0,175.40215623569355,231.06732556449256,0.05813066608800169,0.18140200043399873
22.545090180360724,1,-222.8359819774074,0.0,171.1104784873289,223.49627117131692,0.04763152022747852,0.1892763598293911
22.695390781563127,1,-225.50120415192526,0.0,166.84277333804002,215.68700112192676,0.03969099835366119,0.19523175123475411
22.845691382765533,1,-228.12848152988806,0.0,162.6013006974836,207.71868927228422,0.03438960501191557,0.1992077962410633
22.995991983967937,1,-230.71874551454655,0.0,158.38826776386105,199.6721219149186,0.03178108808781227,0.2011641839341408
23.146292585170343,1,-233.2729097936268,0.0,154.20582733750345,191.62887873153034,0.0318918938870581,0.2010810795847064
23.296593186372746,1,-235.79186882402956,0.0,150.05607619684108,183.67050570186498,0.03472089901115488,0.19895932574163383
23.446893787575153,1,-238.2764963705739,0.0,145.94105353831404,175.87768835427025,0.04023942174684214,0.19482043368986837
23.597194388777556,1,-240.7276441005592,0.0,141.862739481706,168.32943373989386,0.048391512854120355,0.18870636535940974
23.747494989979963,1,-243.1461402358273,0.0,137.82305364230032,161.1022694240308,0.05909452280456454,0.1806791078965766
23.897795591182366,1,-245.53278826391312,0.0,133.82385377118064,154.26946761559944,0.07223993971895482,0.1708200452107839
24.048096192384772,1,-247.88836570976977,0.0,129.86693446491472,147.90030230087223,0.08769448950909292,0.1592291328681803
24.198396793587175,1,-250.21362296945978,0.0,125.95402594577637,142.059346912967,0.10530148706982534,0.146023884697631
24.348697394789582,1,-252.50928220710134,0.0,122.0867929135759,136.80581965763636,0.12488242482231252,0.1313381813832656
24.498997995991985,1,-254.77603631625396,0.0,118.26683347008569,132.19298313273885,0.14623878250341607,0.0
24.64929859719439,1,-257.0145479468277,0.0,114.49567811695778,128.2676043283119,0.16915403985243527,0.0
24.799599198396795,1,-259.2254485984912,0.0,110.77478882794512,125.06948048200977,0.1933958717899287,0.0
24.9498997995992,1,-261.4093377814513,0.0,107.10555819614805,122.63103559699212,0.21871850383274516,0.0
25.100200400801604,1,-263.56678224536716,0.0,103.48930865691923,120.97699171294737,0.24486520386517488,0.0
25.25050100200401,1,-265.6983152770533,0.0,99.92729178697229,120.12411826304964,0.27157088500340903,0.0
25.400801603206414,1,-267.80443606752294,0.0,96.42068768014347,120.08106205798016,0.2985647931643508,0.0
25.55110220440882,1,-269.8856091488053,0.0,92.97060440017408,120.8482596207119,0.6383598781365869,0.0
25.701402805611224,1,-271.942263900871,0.0,89.5780775107818,122.41793276084525,0.6784836570066674,0.0
25.85170340681363,1,-273.97479412888123,0.0,86.24406968320511,124.77416743336451,0.7178117336259632,0.0
26.002004008016034,1,-275.9835577108759,0.0,82.96947038130914,127.89307508231045,0.7559453824472968,0.0
26.15230460921844,1,-277.9688763158996,0.0,79.75509562425485,131.7430348335943,0.7924979875641924,0.0
26.302605210420843,1,-279.9310351924596,0.0,76.60168782664053,136.28501408149447,0.8270989623950087,0.0
26.45290581162325,1,-281.8702830271022,0.0,73.5099157159339,141.4729642185889,0.8593975068547224,0.0
26.603206412825653,1,-283.7868318727831,0.0,70.48037432692718,147.2542874970348,0.8890661639222941,0.0
26.75350701402806,1,-285.68085714660526,0.0,67.51358507285431,153.57037028794952,0.9158041395457359,0.0
26.903807615230463,1,-287.5524976963879,0.0,64.60999589272456,160.35717733247083,0.9393403522260655,0.0
27.05410821643287,1,-289.40185593543,0.0,61.769981474336376,167.54590095971682,0.9594361813622996,0.0
27.204408817635272,1,-291.2289980447244,0.0,58.99384355235222,175.06365868958164,0.9758878864932412,0.0
27.35470941883768,1,-293.03395424178063,0.0,56.281811280726956,182.83423214776082,0.9885286729089586,0.0
27.505010020040082,1,-294.81671911511285,0.0,53.63404167869842,190.7788398015592,0.9972303826899193,0.0
27.65531062124249,1,-296.57725202334973,0.0,51.05062014946802,198.81693568213686,1.0,0.0
27.80561122244489,1,-298.3154775578309,0.0,48.53156107061413,206.86702599539603,1.0,0.0
27.9559118236473,1,-300.0312860674545,0.0,46.07680845520373,214.84749534234032,0.9990234673472145,0.0
28.1062124248497,1,-301.7245342444541,0.0,43.68623668248698,222.67743417232168,0.991496941499068,0.0
28.256513026052108,1,-303.39504576968807,0.0,41.359651296983685,230.27745908007978,0.9800012453879048,0.0
28.40681362725451,1,-305.04261201594176,0.0,39.09678987469587,237.57051763004043,0.9646529274980324,0.0
28.557114228456918,1,-306.66699280765437,0.0,36.897322955104045,244.4826695482079,0.9456075959083734,0.0
28.70741482965932,1,-308.2679172354017,0.0,34.76085503753781,250.9438363615753,0.9230583406683706,0.0
28.857715430861724,1,-309.84508452338815,0.0,32.686925640439014,256.888511884879,0.8972337761651843,0.0
29.00801603206413,1,-311.3981649481198,0.0,30.6750104219687,262.25642635146306,0.8683957233292035,0.0
29.158316633266534,1,-312.92680080636467,0.0,28.724522360344043,266.99315745500365,0.8368365551770296,0.0
29.30861723446894,1,-314.4306074304284,0.0,26.834812992230205,271.05068210707475,0.8028762326035548,0.0
29.458917835671343,1,-315.9091742487105,0.0,25.005173707448883,274.3878633165956,0.7668590604760425,0.0
29.60921843687375,1,-317.3620658894434,0.0,23.23483709820806,276.97086725495853,0.7291501969181468,0.0
29.759519038076153,1,-318.78882332545186,0.0,21.522978361003887,278.7735062784436,0.6901319511742542,0.0
29.90981963927856,1,-320.1889650577178,0.0,19.868716749288588,279.7775044302078,0.6501999075882082,0.0
30.060120240480963,1,-321.56198833548035,0.0,18.271117074952343,279.97268273007086,0.6097589149931536,0.0
30.21042084168337,1,-322.9073704105514,0.0,16.729191256614374,279.3570623735476,0.27947932144922444,0.0
30.360721442885772,1,-324.22456982348075,0.0,15.241899912678015,277.9368847938484,0.2526607473433595,0.0
30.51102204408818,1,-325.51302771916295,0.0,13.808153997059083,275.726548383451,0.2263221196534213,0.0
30.661322645290582,1,-326.7721691894412,0.0,12.426816475458299,272.74846251678855,0.20073047111125106,0.0
30.81162324649299,1,-328.0014046402246,0.0,11.096704040012192,269.03282035403595,0.17614526124157992,0.0
30.96192384769539,1,-329.2001311806126,0.0,9.816588860122835,264.61729272941204,0.1528157458458698,0.0
31.1122244488978,1,-330.367734031483,0.0,8.585200367235757,259.54664622749414,0.13097844993606977,0.12676616254794765
31.2625250501002,1,-331.5035879509891,0.0,7.401227071307986,253.87228931965518,0.11085476973870148,0.1418589226959739
31.412825651302608,1,-332.6070586743833,0.0,6.263318406682615,247.65175116209775,0.09264872808141905,0.1555134539389357
31.56312625250501,1,-333.6775043655758,0.0,5.170086605065428,240.94809833966065,0.07654490591876309,0.16759132056092768
31.713426853707418,1,-334.71427707782453,0.0,4.120108593279134,233.8292954687072,0.06270657096821802,0.17797007177383647
31.86372745490982,1,-335.7167242209469,0.0,3.1119279134558013,226.3675161415918,0.05127402242948731,0.1865444831778845
32.014028056112224,1,-336.6841900324404,0.0,2.144056663315162,218.63841119865296,0.04236316856870509,0.19322762357347117
32.164328657314634,1,-337.6160170499038,0.0,1.214977454166693,210.72034174631997,0.03606435158890042,0.19795173630832466
32.31462925851704,1,-338.5115475821515,0.0,0.3231453842664962,202.69358469733282,0.03244143170042829,0.20066892622467875
32.46492985971944,1,-339.370125176431,0.0,-0.5330099748430612,194.6395188876673,0.03153113967781562,0.20135164524163826
32.61523046092184,1,-340.1910960791603,0.0,-1.3550825813829235,186.63980002167196,0.03334270446682219,0.19999297164988333
32.76553106212425,1,-340.97381068762337,0.0,-2.1446879181481577,178.77553281018777,0.037857759617193676,0.19660668028710476
32.91583166332666,1,-341.71762499008645,0.0,-2.9034609814424357,171.12644869488776,0.04503052948999953,0.19122710288250033
33.06613226452906,1,-342.42190199181715,0.0,-3.63305426649384,163.77009749542958,0.05478829335139418,0.18390877998645436
33.21643286573146,1,-343.08601312452464,0.0,-4.335135751695518,156.78106117486428,0.06703212264782318,0.17472590801413262
33.36673346693387,1,-343.70933963677146,0.0,-5.011386884001773,150.23019769449417,0.08163788398766295,0.1637715870092528
33.517034068136276,1,-344.29127396294047,0.0,-5.663500567791623,144.1839226243203,0.09845749766087122,0.15115687675434658
33.66733466933868,1,-344.831221068389,0.0,-6.293179159491878,138.70353579243059,0.11732043893700941,0.13700967079724294
33.81763527054108,1,-345.3285997684619,0.0,-6.902132470229638,133.84459980005408,0.13803546692078328,0.0
33.96793587174349,1,-345.7828440190851,0.0,-7.492075778755755,129.6563767031779,0.16039256343746044,0.0
34.118236472945895,1,-346.19340417671333,0.0,-8.064727856854866,126.18132857189477,0.1841650622905623,0.0
34.2685370741483,1,-346.5597482254637,0.0,-8.621809009423721,123.45468699103532,0.20911194730468496,0.0
34.4188376753507,1,-346.8813629693194,0.0,-9.165039131366935,121.50409586667756,0.23498029585474142,0.0
34.56913827655311,1,-347.157755187358,0.0,-9.69613578342198,120.34933115992219,0.2615078431081542,0.0
34.719438877755515,1,-347.38845275001586,0.0,-10.216812288985835,120.00210038939586,0.2884256409824559,0.0
34.86973947895792,1,-347.57300569447557,0.0,-10.72877585397434,120.46592393521567,0.6231911772909903,0.0
35.02004008016032,1,-347.71098725732986,0.0,-11.233725711700878,121.73609934780869,0.663508770629651,0.0
35.17034068136273,1,-347.80199486275154,0.0,-11.733351294714474,123.79974902343896,0.7031824837815136,0.0
35.320641282565134,1,-347.8456510644748,0.0,-12.229330435488905,126.6359507630862,0.7418100869823618,0.0
35.47094188376754,1,-347.8416044399742,0.0,-12.723327597803241,130.21594989101317,0.7789999563963483,0.0
35.62124248496994,1,-347.78953043530777,0.0,-13.216992140601157,134.5034507824679,0.8143750445727362,0.0
35.77154308617235,1,-347.68913215917536,0.0,-13.71195661606118,139.4549848448836,0.8475767031207851,0.0
35.92184368737475,1,-347.54014112483156,0.0,-14.209835103553619,145.02035122182036,0.8782683188468383,0.0
36.07214428857716,1,-347.34231793857816,0.0,-14.712221581099978,151.14312575159352,0.9061387264886576,0.0
36.22244488977956,1,-347.09545293365346,0.0,-15.22068833589071,157.76123302054168,0.9309053634474083,0.0
36.37274549098197,1,-346.7993667484286,0.0,-15.73678441535483,164.80757571120174,0.9523171345330027,0.0
36.52304609218437,1,-346.4539108479131,0.0,-16.262034120210632,172.21071486478206,0.9701569576790163,0.0
36.673346693386776,1,-346.0589679876687,0.0,-16.797935540861417,179.8955941611264,0.9842439648172174,0.0
36.82364729458918,1,-345.61445261932886,0.0,-17.34595913843343,187.78430087309718,0.9944353355985385,0.0
36.97394789579159,1,-345.1203112370144,0.0,-17.907546371685186,195.79685578048668,1.0,0.0
37.12424849699399,1,-344.57652266404193,0.0,-18.484108370947613,203.8520240349522,1.0,0.0
37.274549098196395,1,-343.983098279417,0.0,-19.077024660184627,211.86813875506994,1.0,0.0
37.4248496993988,1,-343.34008218370525,0.0,-19.687641928191738,219.7639290015306,0.9947895123230339,0.0
37.57515030060121,1,-342.6475513039793,0.0,-20.317272849878776,227.4593437381007,0.9847707368285044,0.0
37.72545090180361,1,-341.9056154376378,0.0,-20.96719495850878,234.87636342466067,0.9708509843279984,0.0
37.875751503006015,1,-341.1144172349974,0.0,-21.638649569692138,241.93979101403136,0.9531713794685345,0.0
38.02605210420842,1,-340.2741321206612,0.0,-22.3328407578607,248.578014333113,0.9319111659540823,0.0
38.17635270541083,1,-339.3849681537668,0.0,-23.050934385871123,254.7237321189722,0.9072858892929603,0.0
38.32665330661323,1,-338.44716582732457,0.0,-23.794057188312316,260.31463634900445,0.8795452115016118,0.0
38.476953907815634,1,-337.46099780695266,0.0,-24.56329590901604,265.2940439474021,0.8489703799198821,0.0
38.62725450901804,1,-336.4267686094225,0.0,-25.359696493194622,269.61147146341,0.8158713758003955,0.0
38.77755511022044,1,-335.34481422152584,0.0,-26.184263334553243,273.2231468950206,0.7805837715805296,0.0
38.92785571142285,1,-334.21550165987566,0.0,-27.037958577649793,276.09245346901434,0.7434653286996877,0.0
39.078156312625254,1,-333.0392284723524,0.0,-27.92170147569954,278.19030087810734,0.7048923704546496,0.0
39.22845691382766,1,-331.8164221820064,0.0,-28.83636780394632,279.49542021143486,0.6652559666663762,0.0
39.37875751503006,1,-330.54753967432185,0.0,-29.782789328648136,279.9945795882377,0.6249579688401411,0.0
39.52905811623247,1,-329.23306652884446,0.0,-30.76175333164995,279.6827183085589,0.28960462401070686,0.0
39.67935871743487,1,-327.87351629627017,0.0,-31.774002190444115,278.56299816087324,0.26267599507714484,0.0
39.829659318637276,1,-326.46942972218267,0.0,-32.82023301354397,276.6467713664677,0.23612577351981562,0.0
39.97995991983968,1,-325.0213739187182,0.0,-33.90109733092616,273.95346548556915,0.21022313730338169,0.0
40.13026052104209,1,-323.52994148552597,0.0,-35.01720083922478,270.5103864520906,0.1852306988840477,0.0
40.28056112224449,1,-321.99574958147787,0.0,-36.16910320129005,266.35244173391817,0.16140184272758612,0.0
40.430861723446895,1,-320.41943894866597,0.0,-37.35731789965588,261.5217864254632,0.13897815638483355,0.0
40.5811623246493,1,-318.8016728903074,0.0,-38.58231214339172,256.0673958605507,0.11818698116958329,0.13635976412281253
40.73146292585171,1,-317.1431362042558,0.0,-39.84450682774848,250.0445690786833,0.09923910727108778,0.15057066954668413
40.88176352705411,1,-315.44453407389784,0.0,-41.14427654594156,243.5143681787636,0.08232663666934267,0.163255022497993
41.032064128256515,1,-313.706590918281,0.0,-42.48194965235101,236.54299924435506,0.06762103551971563,0.17428422336021326
41.18236472945892,1,-311.9300492033992,0.0,-43.85780837635668,229.2011411169348,0.05527139575265777,0.18354645318550666
41.33266533066133,1,-310.115668216621,0.0,-45.27208898596388,221.56322882233758,0.045402923513426174,0.19094780736493036
41.48296593186373,1,-308.26422280631994,0.0,-46.724982000317894,213.70669891532967,0.03811566976640296,0.19641324767519777
41.633266533066134,1,-306.3765020888211,0.0,-48.21663245014646,205.71120439334783,0.03348351593393867,0.199887363049546
41.78356713426854,1,-304.4533081248406,0.0,-49.747140185115846,197.6578071389529,0.03155342485350254,0.20133493135987307
41.93386773547095,1,-302.49545456765003,0.0,-51.3165602270298,189.62815607838172,0.032344964647627206,0.2007412765142796
42.08416833667335,1,-300.5037652852487,0.0,-52.924903167751836,181.7036593883886,0.03585011033356217,0.19811241724982837
42.234468937875754,1,-298.4790729588747,0.0,-54.57213561067998,173.96465914390987,0.042033325184042736,0.19347500611196794
42.38476953907816,1,-296.42221766023414,0.0,-56.25818065455532,166.48961677434613,0.050831921014542064,0.18687605923909345
42.53507014028057,1,-294.33404540986254,0.0,-57.98291841834218,159.35431758666408,0.062156693743931624,0.1783824796920513
42.68537074148297,1,-292.2154067190787,0.0,-59.74618660587187,152.63110242022077,0.07589282778522297,0.16808037916108276
42.83567134268537,1,-290.0671551180156,0.0,-61.54778110890464,146.38813422313098,0.09190106009700683,0.15607420492724486
42.985971943887776,1,-287.8901456722508,0.0,-63.38745664722159,140.6887069859581,0.11001909209423766,0.14248568092932173
43.136272545090186,1,-285.6852334905802,0.0,-65.26492744432554,135.59060403906383,0.13006323510352424,0.1274525736723568
43.28657314629259,1,-283.4532722265013,0.0,-67.17986793729516,131.1455122194822,0.15183027268061267,0.0
43.43687374749499,1,-281.1951125759934,0.0,-69.13191351930377,127.39849784675884,0.17509952090922098,0.0
43.587174348697395,1,-278.91160077419,0.0,-71.12066131328729,124.38754982054222,0.19963506579277918,0.0
43.737474949899806,1,-276.60357709355804,0.0,-73.1456709752182,122.14319447220933,0.22518815505557038,0.0
43.88777555110221,1,-274.27187434619293,0.0,-75.20646552541913,120.68818607532899,0.25149972010398847,0.0
44.03807615230461,1,-271.91731639285064,0.0,-77.30253220632756,120.03727615270806,0.27830300257930246,0.0
44.188376753507015,1,-269.5407166613295,0.0,-79.43332336510487,120.19706391888681,0.6079893883089376,0.0
44.338677354709425,1,-267.1428766768099,0.0,-81.59825735946758,121.16592937436405,0.6484432727738622,0.0
44.48897795591183,1,-264.72458460675125,0.0,-83.79671948510244,122.9340497298735,0.688406017775472,0.0
44.63927855711423,1,-262.28661382292654,0.0,-86.0280629230195,125.48349899419377,0.7274724632160137,0.0
44.789579158316634,1,-259.82972148316406,0.0,-88.29160970518507,128.78842971582662,0.7652465360816428,0.0
44.939879759519044,1,-257.35464713533247,0.0,-90.58665169677482,132.81533503596643,0.8013452660069902,0.0
45.09018036072145,1,-254.86211134609064,0.0,-92.91245159337997,137.52338839594978,0.8354026679991676,0.0
45.24048096192385,1,-252.3528143568843,0.0,-95.26824393150093,142.86485745508003,0.8670734529565123,0.0
45.390781563126254,1,-249.82743476963842,0.0,-97.6532361106661,148.78558802234573,0.8960365283632854,0.0
45.541082164328664,1,-247.28662826456363,0.0,-100.06660942551419,155.22555309571467,0.9219982536684469,0.0
45.69138276553107,1,-244.73102635243896,0.0,-102.50752010618861,162.119461442601,0.9446954173443161,0.0
45.84168336673347,1,-242.16123516370186,0.0,-104.97510036540089,169.39741955144382,0.9638979054421413,0.0
45.99198396793587,1,-239.5778342766141,0.0,-107.46845945053258,176.9856402432413,0.9794110345898743,0.0
46.14228456913828,1,-236.98137558672914,0.0,-109.98668469915796,184.80719075881595,0.9910775257787321,0.0
46.292585170340686,1,-234.37238221982216,0.0,-112.52884259638873,192.78277273737203,0.9987790989278039,0.0
46.44288577154309,1,-231.75134749038722,0.0,-115.09397983246059,200.83152617857775,1.0,0.0
46.59318637274549,1,-229.11873390774065,0.0,-117.68112435900166,208.87184923724124,1.0,0.0
46.7434869739479,1,-226.4749722317061,0.0,-120.28928644244874,216.82222553914187,0.9975188150950316,0.0
46.893787575150306,1,-223.8204605797784,0.0,-122.91745971310232,224.6020506303169,0.988991254558752,0.0
47.04408817635271,1,-221.15556358760085,0.0,-125.56462220833976,232.13244918089765,0.976519927529037,0.0
47.19438877755511,1,-218.48061162450279,0.0,-128.22973740853618,239.33707465831304,0.9602312738707695,0.0
47.34468937875752,1,-215.7959000657749,0.0,-130.91175526427574,246.14288336242095,0.9402904352053951,0.0
47.494989979959925,1,-213.10168862326898,0.0,-133.60961321347088,252.48087497505605,0.9168995806317554,0.0
47.64529058116233,1,-210.3982007358305,0.0,-136.3222371870412,258.2867921159701,0.8902958570457031,0.0
47.79559118236473,1,-207.6856230209808,0.0,-139.0485426018458,263.50177181275416,0.860748984839202,0.0
47.94589178356714,1,-204.9641047891778,0.0,-141.7874353395995,268.072942279858,0.8285585233551926,0.0
48.096192384769545,1,-202.23375762189085,0.0,-144.53781271054754,271.9539589562848,0.794050833821339,0.0
48.24649298597195,1,-199.49465501463163,0.0,-147.2985644007162,275.1054743673812,0.7575757705548198,0.0
48.39679358717435,1,-196.74683208598614,0.0,-150.06857340160298,277.49553704705113,0.7195031339834969,0.0
48.547094188376754,1,-193.99028535359557,0.0,-152.84671692121265,279.0999154759405,0.6802189214444695,0.0
48.697394789579164,1,-191.22497257793168,0.0,-155.63186727540113,279.90234375136765,0.6401214137713566,0.0
48.84769539078157,1,-188.45081267461217,0.0,-158.42289275853182,279.89468649828507,0.2997447582305805,0.0
48.99799599198397,1,-185.66768569589976,0.0,-161.2186584925005,279.07702134933317,0.27274449503493653,0.0
49.14829659318637,1,-182.8754328819194,0.0,-164.01802725324438,277.4576381577656,0.2460205602810807,0.0
49.29859719438878,1,-180.07385678202925,0.0,-166.8198602738905,275.0529549512272,0.21984389311538732,0.0
49.448897795591186,1,-177.26272144666754,0.0,-169.6230180237675,271.8873514784818,0.19447988424181895,0.0
49.59919839679359,1,-174.44175268989488,0.0,-172.42636096254805,267.9929220366654,0.17018568527278716,0.0
49.74949899799599,1,-171.61063842274308,0.0,-175.2287502688513,263.4091500850175,0.14720760161173604,0.0
49.8997995991984,1,-168.76902905736804,0.0,-178.02904854268922,258.1825079439946,0.12577859529923785,0.13066605352557162
50.050100200400806,1,-165.91653798190143,0.0,-180.82612048119933,252.36598563819805,0.10611592314011487,0.14541305764491383
50.20040080160321,1,-163.05274210578412,0.0,-183.61883352715952,246.01855365991864,0.08841893405735277,0.1586857994569854
50.35070140280561,1,-160.17718247525278,0.0,-186.40605848984606,239.20456510003493,0.07286704800387628,0.17034971399709278
50.50100200400802,1,-157.28936495854458,0.0,-189.1866701378487,231.99310320773034,0.059617936923180515,0.1802865473076146
50.651302605210425,1,-154.38876100027727,0.0,-191.95954776351533,224.4572809937643,0.04880592620113189,0.18839555534915106
50.80160320641283,1,-151.47480844434813,0.0,-194.72357571876222,216.67349997822225,0.0405406328152651,0.19459452538855118
50.95190380761523,1,-148.54691242459202,0.0,-197.47764392204192,208.72067559789437,0.03490585398907059,0.19882060950819708
51.10220440881764,1,-145.6044463223319,0.0,-200.22064833631543,200.6794371264527,0.031958717618611354,0.20103096178604146
51.252505010020045,1,-142.64675278984325,0.0,-202.95149141794562,192.6313102189793,0.03172910308421989,0.20120317268683507
51.40280561122245,1,-139.6731448386572,0.0,-205.66908253647273,184.6578903685887,0.034219338320313375,0.19933549625976496
51.55310621242485,1,-136.68290699151436,0.0,-208.37233836530436,176.84001565499577,0.039404176213568565,0.19544686783982357
51.70340681362726,1,-133.67529649668523,0.0,-211.06018324340104,169.2569471720778,0.047231050569400634,0.18957671207294952
51.853707414829664,1,-130.64954460327039,0.0,-213.73154950809928,161.98556544362606,0.05762060905160901,0.18178454321129323
52.00400801603207,1,-127.60485789599161,0.0,-216.3853777992711,155.0995909743714,0.07046751769151172,0.17214936173136622
52.15430861723447,1,-124.54041968788991,0.0,-219.02061733507506,148.66883683869008,0.08564152881062245,0.16076885339203315
52.30460921843688,1,-121.45539146925366,0.0,-221.63622615960503,142.7585008845823,0.10298880152974069,0.14775839885269448
52.45490981963928,1,-118.3489144109989,0.0,-224.23117136280405,137.42850472886542,0.12233346147610386,0.1332499038929221
52.605210420841686,1,-115.2201109206398,0.0,-226.80442927305907,132.73288624514845,0.14347938387610099,0.0
52.75551102204409,1,-112.06808624889803,0.0,-229.35498562294404,128.7192517038173,0.16621218195562806,0.0
52.9058116232465,1,-108.89193014490695,0.0,-231.8818356886354,125.42829311847282,0.19030138048851766,0.0
53.0561122244489,1,-105.69071855789117,0.0,-234.38398440356815,122.8933756921831,0.2155027524570092,0.0
53.206412825651306,1,-102.46351538311848,0.0,-236.86044644695178,121.14019954620392,0.24156079513402723,0.0
53.35671342685371,1,-99.20937424983796,0.0,-239.31024630781423,120.18653916070805,0.2682113204834711,0.0
53.50701402805612,1,-95.92734034885505,0.0,-241.7324183252835,120.04206316919412,0.2951841336162024,0.0
53.65731462925852,1,-92.61645229730914,0.0,-244.12600670586727,120.70823633357578,0.633308658219083,0.0
53.807615230460925,1,-89.27574403816106,0.0,-246.4900655185269,122.17830469377373,0.6735034180098971,0.0
53.95791583166333,1,-85.90424677183032,0.0,-248.8236586683871,124.43736404236915,0.7129529674297714,0.0
54.10821643286574,1,-82.50099091735653,0.0,-251.12585984996232,127.46251103009291,0.7512573493861878,0.0
54.25851703406814,1,-79.06500810040586,0.0,-253.39575248081718,131.22307537017645,0.7880282170041766,0.0
54.408817635270545,1,-75.59533316539007,0.0,-255.63242961661194,135.68093078737024,0.8228927708596898,0.0
54.55911823647295,1,-72.09100620891023,0.0,-257.83499384852325,140.79088155909417,0.8554975385861965,0.0
54.70941883767536,1,-68.55107463169308,0.0,-260.0025571840582,146.50112072979266,0.8855119585349243,0.0
54.85971943887776,1,-64.97459520615065,0.0,-262.134240912308,152.75375535290914,0.9126317311558239,0.0
55.010020040080164,1,-61.36063615664368,0.0,-264.2291754547218,159.48539343534964,0.9365819041220249,0.0
55.16032064128257,1,-57.70827924950434,0.0,-266.28650020250205,166.6277866337283,0.9571196599189336,0.0
55.31062124248498,1,-54.01662188984299,0.0,-268.305363341744,174.10852218644936,0.9740367776360528,0.0
55.46092184368738,1,-50.284779222126595,0.0,-270.28492166747264,181.85175706652177,0.9871617440036203,0.0
55.61122244488978,1,-46.51188623151182,0.0,-272.22434038773815,189.77898691192382,0.9963614922701026,0.0
55.76152304609219,1,-42.697099842880306,0.0,-274.1227929189572,197.80984193777212,1.0,0.0
55.9118236472946,1,-38.8396010145212,0.0,-275.97946067369776,205.8629017609781,1.0,0.0
56.062124248497,1,-34.93859682339635,0.0,-277.79353284211555,213.85652087633176,0.9996809557676827,0.0
56.2124248496994,1,-30.99332253890981,0.0,-279.5642061682673,221.70965641497855,0.9926567769323398,0.0
56.362725450901806,1,-27.003043682113557,0.0,-281.29068472252624,229.34268979310082,0.9816516689061132,0.0
56.513026052104216,1,-22.967058067280234,0.0,-282.97217967133435,236.67823392055848,0.9667772063728832,0.0
56.66332665330662,1,-18.88469782277945,0.0,-284.6079090455305,243.64191778565848,0.9481841932549997,0.0
56.81362725450902,1,-14.755331388211168,0.0,-286.19709750849063,250.16314046157802,0.9260611337959772,0.0
56.963927855711425,1,-10.578365484767026,0.0,-287.7389761253164,256.1757868899851,0.9006323214203533,0.0
57.114228456913835,1,-6.353247055806712,0.0,-289.232782134306,261.6188981849315,0.8721555647473196,0.0
57.26452905811624,1,-2.0794651746649535,0.0,-290.6777587219329,266.437289661175,0.8409195738121753,0.0
57.41482965931864,1,2.2434470832587223,0.0,-292.073154802549,270.5821103210802,0.8072410329952617,0.0
57.565130260521045,1,6.615910807056949,0.0,-293.4182248040206,274.011338127781,0.7714613903350397,0.0
57.71543086172345,1,11.038299458389602,0.0,-294.7122284604896,276.6902060432937,0.733943395775634,0.0
57.86573146292586,1,15.51093712392197,0.0,-295.9544306134373,278.5915545122251,0.6950674234465708,0.0
58.01603206412826,1,20.034096814916758,0.0,-297.14410102221456,279.69610681743524,0.655227615260506,0.0
58.166332665330664,1,24.60799881671479,0.0,-298.28051418517214,279.9926645159758,0.6148278849270269,0.0
58.31663326653307,1,29.232809090797776,0.0,-299.3629491725161,279.47822097388985,0.28285188193046906,0.0
58.46693386773548,1,33.9086377320557,0.0,-300.39068947197853,278.1579918488053,0.2559923624971816,0.0
58.61723446893788,1,38.63553748381903,0.0,-301.3630228483699,276.04536221127637,0.22957901208236914,0.0
58.76753507014028,1,43.41350231315988,0.0,-302.27924121805586,273.16175084097983,0.20387962099011547,0.0
58.91783567134269,1,48.24246604888372,0.0,-303.13864053936277,269.53639307359197,0.17915474108707105,0.0
59.0681362725451,1,53.12230108456228,0.0,-303.9405207198899,265.20604439994287,0.1556550442116967,0.0
59.2184368737475,1,58.05281714888793,0.0,-304.68418554166936,260.21460782248835,0.13361878075151593,0.0
59.3687374749499,1,63.033760145539496,0.0,-305.3689426050783,254.61268874712744,0.11326936415463629,0.14004797688402276
59.519038076152306,1,68.06481106466661,0.0,-305.99410329237094,248.45708192307313,0.09481310586485656,0.15389017060135757
59.669338677354716,1,73.1455849680211,0.0,-306.558982751656,241.81019563240056,0.07843712364424768,0.16617215726681422
59.81963927855712,1,78.27563004965722,0.0,-307.0628999021071,234.73941896710562,0.06430744449016856,0.17676941663237358
59.96993987975952,1,83.45442677404583,0.0,-307.5051774611465,227.3164386084921,0.05256732137954903,0.18557450896533823
60.120240480961925,1,88.68138709333974,0.0,-307.8851419942999,219.61651203568408,0.04333578090639967,0.19249816432020025
60.270541082164335,1,93.95585374542813,0.0,-308.20212398837464,211.71770453180613,0.036706416537401754,0.19747018759694868
60.42084168336674,1,99.27709963432551,0.0,-308.4554579485626,203.70009772339137,0.03274643971950769,0.20044017021036922
60.57114228456914,1,104.64432729432757,0.0,-308.6444825200251,195.6449776772027,0.03149599846037743,0.2013780011547169
60.721442885771545,1,110.05666843925755,0.0,-308.76854063446154,187.6340107859079,0.03296777029017334,0.20027417228237
60.871743486973955,1,115.51318359803014,0.0,-308.8269796821155,179.74841579783606,0.037146833730938966,0.19713987470179575
61.02204408817636,1,121.01286183763705,0.0,-308.81915170961986,172.06814038515208,0.04399081957720058,0.19200688531709958
61.17234468937876,1,126.55462057454646,0.0,-308.7444136440256,164.67105059877167,0.05343034045398648,0.18492724465951013
61.322645290581164,1,132.13730547540436,0.0,-308.6021275433081,157.63214142767436,0.06536969429675613,0.1759727292774329
61.472945891783574,1,137.7596904477985,0.0,-308.39166087358757,151.0227764663207,0.07968783462154458,0.16523412403384158
61.62324649298598,1,143.42047772172862,0.0,-308.11238681324494,144.90996439876838,0.09623959774825624,0.1528203016888078
61.77354709418838,1,149.11829802232094,0.0,-307.7636845840574,139.3556796348015,0.11485717453443745,0.13885711909917192
61.92384769539078,1,154.85171083418328,0.0,-307.34493980942045,134.41623398578005,0.13535181169928495,0.0
62.074148296593194,1,160.61920475769864,0.0,-306.855544899667,130.14170575042834,0.15751572548827633,0.0
62.2244488977956,1,166.419197957419,0.0,-306.2948994644341,126.5754319987501,0.18112420827739203,0.0
62.374749498998,1,172.25003870259894,0.0,-305.66241075197024,123.75356920152367,0.205937906759119,0.0
62.5250501002004,1,178.1100059997986,0.0,-304.9574941152191,121.7047266599054,0.2317052486127243,0.0
62.67535070140281,1,183.99731031734905,0.0,-304.1795735044538,120.44967645159932,0.25816499305646373,0.0
62.825651302605216,1,189.91009440135213,0.0,-303.3280819861807,120.00114283428776,0.2850488794229482,0.0
62.97595190380762,1,195.84643418277508,0.0,-302.40246228797105,120.36367324144229,0.6181265203577261,0.0
63.12625250501002,1,201.80433977506436,0.0,-301.40216736882024,121.5335921784192,0.6584959468488456,0.0
63.27655310621243,1,207.7817565615825,0.0,-300.3266610145786,123.4990384862602,0.6982723153920503,0.0
63.426853707414836,1,213.77656637206212,0.0,-299.1754184579377,126.24008559540164,0.7370523554570716,0.0
63.57715430861724,1,219.78658874713653,0.0,-297.9479270224002,129.72894355010757,0.7744428977352967,0.0
63.72745490981964,1,225.80958228988808,0.0,-296.64368678960494,133.9302407554099,0.8100648602651161,0.0
63.87775551102205,1,231.84324610324978,0.0,-295.2622112893219,138.8013825900855,0.8435570917337798,0.0
64.02805611222445,1,237.88522131195657,0.0,-293.80302821137826,144.2929832498844,0.8745800329899452,0.0
64.17835671342687,1,243.93309266764746,0.0,-292.2656801387214,150.34936644279782,0.9028191596456707,0.0
64.32865731462927,1,249.9843902355918,0.0,-290.64972530077034,156.90912986009135,0.9279881708646769,0.0
64.47895791583167,1,256.03659116140034,0.0,-288.9547383461591,163.90576770024103,0.9498318920074837,0.0
64.62925851703407,1,262.08712151598075,0.0,-287.1803111339188,171.26834493435447,0.9681288617056723,0.0
64.77955911823648,1,268.13335821687957,0.0,-285.32605354209875,178.9222164770714,0.9826935771358464,0.0
64.92985971943888,1,274.1726310240424,0.0,-283.3915942927793,186.78978397166327,0.9933783747295933,0.0
65.08016032064128,1,280.202224607934,0.0,-281.3765817923783,194.79128251671716,1.0,0.0
65.23046092184369,1,286.2193806878452,0.0,-279.2806849861094,202.84558935821448,1.0,0.0
65.3807615230461,1,292.2213002381149,0.0,-277.10359422540887,210.87104634811865,1.0,0.0
65.5310621242485,1,298.20514575990956,0.0,-274.8450221470992,218.78628783103073,0.9957620741456039,0.0
65.68136272545091,1,304.1680436160983,0.0,-272.50470456302145,226.51106556542442,0.9862388867196841,0.0
65.83166332665331,1,310.10708642667214,0.0,-270.0824013588297,233.9670623160363,0.9727998375305944,0.0
65.98196392785572,1,316.0193355220794,0.0,-267.57789740059906,241.0786858688633,0.9555811776413492,0.0
66.13226452905812,1,321.9018234517469,0.0,-264.9910034478689,247.7738354186734,0.9347574774905055,0.0
66.28256513026052,1,327.7515565449965,0.0,-262.3215570717067,253.98463255906566,0.9105398570196129,0.0
66.43286573146293,1,333.5655175214736,0.0,-259.5694235763455,259.64810946397074,0.883173845245254,0.0
66.58316633266534,1,339.3406681481377,0.0,-256.73449692292434,264.70684728349823,0.8529368909763746,0.0
66.73346693386775,1,345.073951939795,0.0,-253.8167006538257,269.1095582817978,0.820135549914977,0.0
66.88376753507015,1,350.7622969000909,0.0,-250.81598881608718,272.81160581495584,0.7851023766579033,0.0
67.03406813627255,1,356.40261829980534,0.0,-247.7323468823384,275.7754568771594,0.748192553110178,0.0
67.18436873747495,1,361.99182148925536,0.0,-244.56579266769165,277.9710626270175,0.7097802874929044,0.0
67.33466933867736,1,367.5268047415418,0.0,-241.31637724100273,279.37616303609104,0.6702550204536777,0.0
67.48496993987976,1,373.00446212332815,0.0,-237.9841858288996,279.97651257096925,0.6300174767439103,0.0
67.63527054108216,1,378.4216863898046,0.0,-234.56933871096066,279.7660246208293,0.29298373499533453,0.0
67.78557114228457,1,383.7753719004405,0.0,-231.07199210442036,278.7468332062059,0.2660269528458874,0.0
67.93587174348698,1,389.06241755208987,0.0,-227.49233903676807,276.9292713433412,0.2394146045711769,0.0
68.08617234468939,1,394.27972972599963,0.0,-223.83061020459837,274.3317662834663,0.21341649800417029,0.0
68.23647294589179,1,399.42422524521453,0.0,-220.08707481707393,270.9806526891263,0.18829621352199977,0.0
68.3867735470942,1,404.4928343388821,0.0,-216.26204142235653,266.9099056416483,0.16430843175073354,0.0
68.5370741482966,1,409.48250360991915,0.0,-212.35585871536415,262.16079618664276,0.14169635149981444,0.0
68.687374749499,1,414.3901990024925,0.0,-208.36891632522338,256.78147290977324,0.12068922410434954,0.13448308192173783
68.8376753507014,1,419.2129087657707,0.0,-204.30164558078326,250.82647378496142,0.10150002917293932,0.14887497812029551
68.9879759519038,1,423.9476464103826,0.0,-200.1545202525737,244.35617324412948,0.08432331530560189,0.16175751352079856
69.13827655310622,1,428.59145365402577,0.0,-195.92805726960617,237.43617007433653,0.06933322767356837,0.17300007924482372
69.28857715430863,1,433.1414033526775,0.0,-191.62281740941944,230.1366223480738,0.056681742457908496,0.18248869315656863
69.43887775551103,1,437.5946024138651,0.0,-187.23940595980076,222.53153612949416,0.04649712604734568,0.19012715546449072
69.58917835671343,1,441.9481946884649,0.0,-182.77847335063163,214.69801516799393,0.038882634616659084,0.19583802403750566
69.73947895791584,1,446.199363837527,0.0,-178.24071575432242,206.7154791860781,0.033915467269472754,0.19956339954789543
69.88977955911824,1,450.34533617064005,0.0,-173.62687565333397,198.66485868685928,0.031645983359372076,0.20126551248047092
70.04008016032064,1,454.3833834523772,0.0,-168.93774237331263,190.62777444459553,0.0320971919245418,0.20092710605659364
70.19038076152304,1,458.3108256734053,0.0,-164.17415258038284,182.68570999694435,0.03526451841162742,0.19855161119127943
70.34068136272546,1,462.1250337828688,0.0,-159.33699074119477,174.91918552859016,0.041115851054860264,0.19416311170885478
70.49098196392787,1,465.8234323787059,0.0,-154.4271895443381,167.40694152176775,0.04959186643925284,0.18780610017056035
70.64128256513027,1,469.40350235260314,0.0,-149.4457302817862,160.22514045020145,0.06060663094779006,0.17954502678915746
70.79158316633267,1,472.86278348633624,0.0,-144.39364318906993,153.44659461004687,0.07404847199484738,0.16946364600386446
70.94188376753507,1,476.19887699631334,0.0,-139.27200774291782,147.1400279164194,0.08978111021241753,0.15766416734068683
71.09218436873748,1,479.409448023187,0.0,-134.08195291515037,141.36937914974965,0.10764504111100828,0.1442662191667438
71.24248496993988,1,482.4922280634633,0.0,-128.82465738166212,136.1931537159689,0.12745915220730808,0.12940563584451895
71.39278557114228,1,485.4450173401157,0.0,-123.50134968536806,131.66383049265897,0.14902255922300278,0.0
71.5430861723447,1,488.2656871092697,0.0,-118.11330835204635,127.82732977483047,0.17211664273905,0.0
71.6933867735471,1,490.9521819001059,0.0,-112.66186195806698,124.72254771453275,0.19650726465674256,0.0
71.8436873747495,1,493.50252168521143,0.0,-107.148389149036,122.3809619743493,0.2219471419938851,0.0
71.99398797595191,1,495.91480397868725,0.0,-101.5743186084569,120.82631259284224,0.2481783539497646,0.0
72.14428857715431,1,498.18720585940633,0.0,-95.94112897556407,120.07436129747482,0.274934956821086,0.0
72.29458917835672,1,500.31798591691387,0.0,-90.25034871153406,120.13273170520135,0.6029185203863264,0.0
72.44488977955912,1,502.30548611754324,0.0,-84.50355591336128,121.00083203084549,0.6434050162822068,0.0
72.59519038076152,1,504.14813358843156,0.0,-78.7023780747275,122.6698610868814,0.6834514528017955,0.0
72.74549098196394,1,505.84444231720596,0.0,-72.84849179327202,125.1228975137912,0.7226518213454902,0.0
72.89579158316634,1,507.3930147652229,0.0,-66.94362242373677,128.3350713363394,0.7606086911274104,0.0
73.04609218436875,1,508.7925433923449,0.0,-60.9895436765156,132.27381610645256,0.7969372385056572,0.0
73.19639278557115,1,510.0418120913494,0.0,-54.98807716121784,136.89919907636732,0.8312691484957384,0.0
73.34669338677355,1,511.13969753017204,0.0,-48.941091874924865,142.16432605460142,0.8632563489117047,0.0
73.49699398797596,1,512.0851704003047,0.0,-42.85050363487962,148.01581684014172,0.8925745392770152,0.0
73.64729458917836,1,512.8772965697805,0.0,-36.71827445543047,154.39434641468512,0.9189264787271696,0.0
73.79759519038076,1,513.5152381392962,0.0,-30.546411869124114,161.23524640607954,0.9420449995697211,0.0
73.94789579158318,1,513.9982544001448,0.0,-24.336968191904838,168.46916072506806,0.9616957159494262,0.0
74.09819639278558,1,514.3257026927482,0.0,-18.092039732460954,176.02274872819672,0.9776794001564326,0.0
74.24849699398798,1,514.4970391647074,0.0,-11.813765945836494,183.81942877790067,0.9898340024851975,0.0
74.39879759519039,1,514.5118194274079,0.0,-5.5043285314843615,191.78015466123966,0.9980362941669497,0.0
74.54909819639279,1,514.3696991103466,0.0,0.8340495239630741,199.8242169955874,1.0,0.0
74.6993987975952,1,514.070434312474,0.0,7.199104958878422,207.87006149628095,1.0,0.0
74.8496993987976,1,513.6138819499696,0.0,13.588535303360679,215.83611581026346,0.9983027156991255,0.0
75.0,1,513.0,0.0,19.999999999999876,223.6416165329068,0.9902750361321665,0.0
